city,date,pm25,pm10,aqi,temperature,humidity,precipitation,heart_rate_avg,sleep_hours,spo2,stress_level,respiratory_illness
City_A,2023-01-01,48.0915201569452,110.6462702915551,167.16666666666666,20.342442936884467,71.96906069227413,12.585748637901192,75.60310857095966,7.061726560778377,97.92113973797306,5.378378378378378,0.1441441441441441
City_A,2023-01-02,54.84317353535853,66.27090260992772,175.6,25.081439883559696,47.65485491827469,6.627345255482052,74.19304685110988,6.680199818636404,97.87575384015592,5.18018018018018,0.1216216216216216
City_A,2023-01-03,49.000897323706766,86.98602625592132,166.33333333333334,21.62299556559543,61.09433053308496,5.400574793788526,75.38432978045678,7.139245697650443,97.98035428481646,5.288288288288288,0.1036036036036036
City_A,2023-01-04,50.08489892410344,81.81000732893575,97.0,24.134577089675425,71.95086029440824,3.734486490532476,74.86072600323237,7.069612553027992,97.97241615934192,5.702702702702703,0.1126126126126126
City_A,2023-01-05,39.84182192459346,103.4987784939323,70.5,26.944221742838256,63.58101320797281,3.0584660892046704,74.5580011887909,7.0073515674249744,97.99832466308432,5.3108108108108105,0.1576576576576576
City_A,2023-01-06,49.34090135851691,68.41479990787396,99.0,25.501078801431788,54.90562637486399,3.513657376869954,75.1486809337527,7.019685960369598,97.91694714726552,5.59009009009009,0.1351351351351351
City_A,2023-01-07,41.35300071011178,94.8710501033238,125.0,27.90854489205035,62.31145112941972,13.669603044393217,74.5329023412787,7.0884211516407385,97.90197289601524,5.900900900900901,0.1351351351351351
City_A,2023-01-08,64.3306657286001,62.82146796080366,221.2,22.789735299785622,70.28270119629748,14.615303680030664,74.72973865843116,6.9705378568633485,97.88099562773633,5.162162162162162,0.1576576576576576
City_A,2023-01-09,58.44164526911049,78.7044208128918,206.5,27.27562333954388,61.18730932403059,10.501048426939242,73.98947407926374,6.839690440491798,97.90064102695452,5.743243243243243,0.1081081081081081
City_A,2023-01-10,51.53508783374914,102.7482191064585,179.0,19.99708752477897,66.49423051383837,9.954798145059002,76.28940146883475,6.996678357929264,97.88590501290152,5.400900900900901,0.1531531531531531
City_A,2023-01-11,39.68511711854529,83.04224854323118,155.5,25.891449735325377,61.22280774211824,11.39432136822874,74.29486562543899,6.851641302493796,98.01479342712948,5.567567567567568,0.1171171171171171
City_A,2023-01-12,51.36238258382792,71.6107813390561,198.25,27.6203980761173,54.228940248361646,6.466400139335343,74.50695608201875,7.027528229566161,97.76680218991628,5.7342342342342345,0.1081081081081081
City_A,2023-01-13,37.74869892218891,86.15352337226095,213.4,24.86721809399801,49.9281951149905,9.25465506693295,75.63152038941656,6.876649576228936,97.8904769833058,5.274774774774775,0.1216216216216216
City_A,2023-01-14,46.44326770042735,71.44324589917476,179.83333333333334,20.78874532107281,57.87498026920277,9.799065779084968,74.62096872208878,7.068666099834949,98.0150019551924,5.103603603603603,0.1216216216216216
City_A,2023-01-15,63.40411170461426,92.90992606030623,92.83333333333331,14.290016968555916,64.12612668430047,2.695356241051305,74.10992085284167,7.006666243423035,97.81558710567322,5.454954954954955,0.1171171171171171
City_A,2023-01-16,49.38729199199049,84.02202735140882,203.0,26.49385799293757,56.48958516027146,13.706507016972402,73.98463031825798,7.036890945414783,97.91370671455792,5.40990990990991,0.1216216216216216
City_A,2023-01-17,59.1966975573183,65.30665068199394,200.2,25.87455558165356,57.785324980721306,18.45702348284404,74.87199754346032,7.10159759701931,97.92577995466348,5.396396396396397,0.1261261261261261
City_A,2023-01-18,59.35438837645451,72.40257251951428,132.0,28.952293999459748,70.74267683750027,6.447493457338333,74.83830055320126,7.090786461104373,97.868113490084,5.617117117117117,0.1081081081081081
City_A,2023-01-19,50.04599402572936,91.17256960809782,83.14285714285714,24.246304868368117,55.79231165222626,9.523259755351178,75.92536993660717,7.105072637830677,98.0398598165646,5.711711711711712,0.0990990990990991
City_A,2023-01-20,33.86763469138162,73.2299773638424,113.0,23.04785195005848,61.639146306998605,12.29004405811778,74.44969614411674,7.012702638979342,97.92169181178568,5.297297297297297,0.1216216216216216
City_A,2023-01-21,33.55399235235469,92.97225583997,154.0,26.967171363516872,62.08379091057382,5.99010738791662,76.28257431944485,6.843127189161543,98.15446368144862,5.594594594594595,0.1171171171171171
City_A,2023-01-22,56.60132827087395,84.80410210132018,134.0,29.054864502477937,61.66706310624894,16.006696371080423,72.96863952741931,6.912229029425691,98.00155680517142,5.887387387387387,0.1036036036036036
City_A,2023-01-23,56.70124065047816,67.04132362699724,217.2,24.43554706214211,51.72919629867401,9.670212067467324,76.64911347065953,7.067586644927247,97.88842006119602,5.621621621621622,0.1171171171171171
City_A,2023-01-24,52.68386407274508,64.72481347526588,114.0,27.0757719214776,51.71354219325389,10.778315041740104,74.39409884865525,6.868647233115674,97.89535751424106,5.283783783783784,0.1531531531531531
City_A,2023-01-25,57.43066910741952,94.35396386971355,211.0,28.8444336727737,63.73658842689203,8.403075906056662,74.1649918733626,7.111382410111345,98.0281896486688,5.608108108108108,0.1081081081081081
City_A,2023-01-26,80.46985550512314,61.67006035866391,124.66666666666669,25.13644062707368,89.01310754004462,0.3538737840193178,74.8309470438817,7.120281593526175,97.948934146755,5.725225225225225,0.1441441441441441
City_A,2023-01-27,54.17669727212939,108.82133216605769,175.0,28.0652843075144,63.01643807692412,14.209562005637142,74.59003472813878,7.190586730562909,97.96388399140622,5.40990990990991,0.1441441441441441
City_A,2023-01-28,55.46291867464259,52.70937516661737,119.66666666666669,22.56816865283941,53.88325548427067,5.472775947455666,76.1905870820106,6.997047662095434,97.98921388166852,5.995495495495495,0.1126126126126126
City_A,2023-01-29,59.09963493305691,84.49067793156551,272.0,24.116926498308786,63.567396877966885,13.775541691293414,76.84250877061596,6.924237271433377,97.90610215246646,5.567567567567568,0.1126126126126126
City_A,2023-01-30,41.193503447199184,89.99731131606792,158.83333333333334,21.01020919072397,53.286953267057406,12.233952074824552,76.57844360051685,6.791892687434776,97.80406685659376,5.63963963963964,0.1351351351351351
City_A,2023-01-31,45.69301400269564,86.35126920982988,148.83333333333334,22.60347081567372,62.23143190621106,15.912920289956457,75.36397102010137,6.9417060270848525,97.84530988970366,5.842342342342342,0.1216216216216216
City_A,2023-02-01,50.83219731439736,76.60779927904228,106.375,25.585475957435083,71.7726933623427,16.422000270872633,74.28292900762521,7.001190722136759,97.92285474330376,5.833333333333333,0.1171171171171171
City_A,2023-02-02,43.46994729483678,87.53746611223303,132.85714285714286,29.28322936065729,65.32909858693759,5.199616326654832,74.39454663566444,7.140225090542801,97.9530731577232,5.572072072072072,0.1171171171171171
City_A,2023-02-04,58.732447092591855,65.84854014717877,149.33333333333334,22.858361977307823,60.67235109067285,6.634500469909871,74.65804298119617,7.087431334593929,97.91981304730236,5.756756756756757,0.1396396396396396
City_A,2023-02-05,45.10522603833118,112.18188910998356,160.0,25.47456403862779,84.98546356362456,0.7193668713131193,75.32276409166542,6.840794486802704,97.88569284009824,5.72972972972973,0.1081081081081081
City_A,2023-02-06,37.67176002225465,79.1653543918944,186.33333333333331,23.880425125618217,61.39016167398317,14.473559713818975,74.42569751293162,7.05618115733013,97.79983520026148,5.342342342342342,0.1396396396396396
City_A,2023-02-07,56.621843793842686,57.4623750982528,208.5,30.31673901822346,78.72227519367863,4.631931373656221,75.3926054840399,7.270146997202863,97.96598998589435,5.414414414414415,0.0945945945945946
City_A,2023-02-08,43.60476290673037,108.04798403071268,49.0,23.76935527069432,60.61364990765804,23.41014161042358,73.83021081704028,6.978621565330666,97.83337271197924,5.86936936936937,0.1306306306306306
City_A,2023-02-09,63.345819796522335,80.04137853551833,178.5,20.73595689964165,62.26461933465617,13.524157858502498,74.20467709891457,6.896097967777081,97.88934086675836,5.13963963963964,0.1396396396396396
City_A,2023-02-10,39.07209026889575,70.10820913815445,125.6,22.939872061843147,57.3270247631673,8.109481540649764,74.99565639489755,6.935374795405184,97.9092300336267,5.558558558558558,0.0945945945945946
City_A,2023-02-11,58.26981276688701,72.25540482166619,167.5,23.411576608452545,60.83207183666079,9.004095572280997,76.00320189928843,7.119617490704101,97.905964837572,5.59009009009009,0.1486486486486486
City_A,2023-02-12,55.68593699693533,72.48620567985824,141.33333333333334,23.178017320332906,60.37302604701184,15.461704617151238,74.8460936131045,7.200925238475397,97.8969097681579,5.247747747747748,0.1216216216216216
City_A,2023-02-13,50.74755824837331,109.54893585003666,130.5,12.566748229633802,52.59912856326355,0.5867158995074953,74.29601087446949,6.947871652139047,97.95764121871818,5.157657657657658,0.1216216216216216
City_A,2023-02-15,54.09025483257983,71.03974968607226,185.0,19.483349112669217,65.87709586078188,1.05125740746066,74.96151458255041,7.1548795106978105,97.8316187090328,5.387387387387387,0.1486486486486486
City_A,2023-02-16,61.14513599014669,59.49813147594042,162.33333333333334,32.71000347276165,58.64106278867428,9.492244496530466,73.69930617117737,6.953627037962167,97.84443144152864,5.576576576576577,0.1396396396396396
City_A,2023-02-17,36.406164368181,72.46691935389079,186.25,19.98808463020686,58.5251196585347,11.900636120016491,75.3118456610545,6.983485865020464,98.03919160331476,5.585585585585585,0.1261261261261261
City_A,2023-02-18,47.84709302043484,86.68647925208266,145.0,22.589241817238605,61.63237593511558,13.3739684401731,73.73878223694483,7.1007457756260655,97.87766005986082,5.387387387387387,0.1081081081081081
City_A,2023-02-19,93.10829227893362,106.34073339579088,172.0,27.107197578695107,61.339882142261,2.0466585189191413,74.7279076282543,6.991923324515277,97.89327596662515,5.427927927927928,0.1081081081081081
City_A,2023-02-20,39.74786039728731,53.24952276076942,145.0,22.879507488951088,49.87404748490015,8.525518399804,75.84659610483462,6.932215495178977,97.99766107447066,5.45045045045045,0.1216216216216216
City_A,2023-02-21,31.85441240267156,84.2138773938073,104.66666666666669,24.10297315837113,56.3331209765368,3.968516228197328,74.87174838149856,6.99234782980053,97.92353131877742,5.5,0.1216216216216216
City_A,2023-02-22,57.28032638640726,89.4453521997004,119.6,27.555226751410032,66.15012614097789,7.035731641465321,76.04152963833438,7.066992114056038,98.00105514370196,5.527027027027027,0.1306306306306306
City_A,2023-02-23,35.04649349625448,90.36501861792571,259.3333333333333,25.6036844283965,67.53825920343166,9.5566441532922,75.33609322371117,7.117721570979792,97.97451320389864,5.486486486486487,0.1036036036036036
City_A,2023-02-24,44.08628680486174,90.57702519079602,156.66666666666666,25.43305589780147,61.728665574686815,6.55945751224054,74.59099248348194,6.993081373905116,97.61093720428252,5.495495495495495,0.1486486486486486
City_A,2023-02-25,54.58727183536248,82.76534862605344,99.0,25.880274701009192,66.60251832071734,6.161009639287704,75.92224522338563,6.946009915482011,97.9757673637164,5.63963963963964,0.1036036036036036
City_A,2023-02-26,49.88346832949842,71.89570717031052,157.57142857142858,26.132349465510647,66.66700081857597,3.697725726509206,75.21811466688325,7.042180053517962,97.97349551376058,5.346846846846847,0.1081081081081081
City_A,2023-02-27,50.116970441436905,86.79994755045703,143.0,20.189039859063733,58.256407354532,10.549262722729392,75.07828137098954,6.844087600316386,98.04041792909246,5.648648648648648,0.1126126126126126
City_A,2023-02-28,50.62576087993076,71.94371520294622,164.33333333333334,25.73884185095828,52.08843190085281,7.552755258482284,73.65029331559806,6.873588438042368,97.99254638000215,5.608108108108108,0.1306306306306306
City_A,2023-03-01,45.53345574738893,81.7108822104564,139.33333333333334,24.23360134354888,52.64787961139607,8.828440533002725,75.30664249603541,6.94807098794079,97.92984873385768,5.63963963963964,0.0945945945945946
City_A,2023-03-02,40.45493254443301,87.3529429500833,125.5,25.019904113478383,56.690484873944776,17.664442287022272,74.28919426537925,7.093046976390418,97.94369089783687,5.346846846846847,0.1261261261261261
City_A,2023-03-03,4.869206604873881,99.58610961664468,182.0,27.232482157256293,58.64347998223021,19.500207635747252,74.72833266363519,6.808685086163635,97.86504172170176,5.5225225225225225,0.1261261261261261
City_A,2023-03-04,36.4458707260532,108.55239916641496,101.0,32.614206043467945,58.24187219245769,3.8749049466825545,74.8766907624604,6.966953234317912,97.93790280043076,5.626126126126126,0.1261261261261261
City_A,2023-03-05,43.13332528303764,89.62971718781934,139.0,31.28600066052518,52.68259661507723,11.480779184060088,73.86207833415794,6.897828684830068,97.85962434113792,5.364864864864865,0.1306306306306306
City_A,2023-03-06,48.31861773150063,95.1992010861746,153.6,25.430844726912248,51.08406002864352,5.760141885567083,75.47205758856914,6.9702097230247935,98.23070596348516,5.608108108108108,0.09009009009009
City_A,2023-03-07,49.67132331354386,39.8882471235904,97.4,16.093731718249835,55.23818242539713,11.033387497093964,74.50136835685896,7.115749296914276,98.02172444473908,5.684684684684685,0.1216216216216216
City_A,2023-03-08,54.43587333573343,92.8448213952598,188.0,27.042019163412213,61.411063966691415,3.077253966287957,74.90204833911122,6.971598380421368,97.91743284588354,5.581081081081081,0.1171171171171171
City_A,2023-03-09,23.00626997026576,71.24707571960553,104.0,28.365148060669096,69.61582910929013,16.675019102431218,75.67637431961343,6.975957610904037,97.90007402757723,5.378378378378378,0.1396396396396396
City_A,2023-03-10,60.90553687274566,77.09886216611356,142.25,26.69893944048812,72.05852725995743,4.956426700832777,74.50079638458284,7.018410570590312,97.99532692374991,5.54954954954955,0.1216216216216216
City_A,2023-03-11,39.26894609245615,96.97870445460454,128.8,31.1568370840588,63.70746062087338,18.35182116027933,75.25863639034223,7.088407076842983,97.7609224254074,5.54954954954955,0.1261261261261261
City_A,2023-03-12,48.3171332418321,83.58900495921466,141.83333333333334,31.264302890172136,67.79480799626053,6.068497005419804,75.29955244634768,7.0789097095341145,97.85747107240518,5.536036036036036,0.1306306306306306
City_A,2023-03-13,51.43557245469628,76.42146498406159,142.75,22.63831159340859,73.48989040787808,16.05515364211246,74.40130645916672,7.007829038924393,97.9084157351104,5.54054054054054,0.1306306306306306
City_A,2023-03-14,59.83011144974176,107.38217118121794,182.0,26.960789934245412,54.65667184653438,7.412096596843741,75.39770800889629,7.2031578723705,97.96763102028105,5.391891891891892,0.1216216216216216
City_A,2023-03-15,42.7211439330165,93.2425310719751,162.125,22.105222077556743,60.52755145580954,2.865730346367699,75.3720484787769,7.001001969452963,97.83300843292533,5.599099099099099,0.1036036036036036
City_A,2023-03-16,40.64771775364088,79.06882448316765,118.0,27.26757099990973,74.55422755772861,11.84883294306946,74.97849219464283,6.939903691177346,97.88871769678678,5.40990990990991,0.1126126126126126
City_A,2023-03-17,52.43153910642502,59.6386824089528,106.14285714285714,18.824749436122524,62.252865252209766,8.165879579399835,74.39619031529287,7.162337592462314,97.89701464712915,5.599099099099099,0.1306306306306306
City_A,2023-03-18,36.14006104817425,98.8659006208628,230.0,26.93461739968062,64.61300556714795,10.480382914114006,74.64651891757813,6.9849030031031285,97.8312381982527,5.68018018018018,0.1486486486486486
City_A,2023-03-19,39.894535080961134,30.27990301072935,255.5,18.111719103530483,64.08568837295255,1.7290837698447732,74.8462830470261,7.102381750589308,98.08850043848116,5.495495495495495,0.1531531531531531
City_A,2023-03-20,49.45353462246763,80.74755530779586,130.88888888888889,33.90652941407843,75.95846651871841,7.056656310711948,73.95512238475311,7.04804599857591,97.92748350183878,5.328828828828829,0.1261261261261261
City_A,2023-03-21,40.41635114155483,77.37162476722511,158.25,22.310720128732964,55.538505166518114,0.765344931701734,74.04610620870773,6.99759833821085,97.97417234719389,5.653153153153153,0.1531531531531531
City_A,2023-03-22,54.053408995605245,66.82657094345329,203.66666666666663,20.369996498274045,61.284269059890974,9.644862403681984,75.37080777370971,6.917622781031451,97.84145056807768,5.45045045045045,0.1126126126126126
City_A,2023-03-23,44.84113108181673,81.3326132164141,204.8571428571429,23.347981206372367,53.070804414563256,6.98667381248468,74.826293803423,7.019458751735979,97.83336589768952,5.486486486486487,0.1711711711711711
City_A,2023-03-24,48.38914803576014,69.73476690061503,135.75,27.92753087920869,50.64443883790764,6.980755844264881,76.46863588912676,6.998008308056243,97.83912085799422,5.684684684684685,0.1801801801801801
City_A,2023-03-25,53.86600768492392,81.59587236165653,224.66666666666663,26.331809480528204,58.4547788797394,10.877858611164378,75.6648631403488,7.000894425961652,97.94956526558046,5.617117117117117,0.0990990990990991
City_A,2023-03-26,54.03037878893333,89.87102993341209,113.83333333333331,28.32239693256104,58.018413271138925,10.172138318735902,76.47000197975987,7.068913389565494,97.90341445718,5.211711711711712,0.1621621621621621
City_A,2023-03-27,39.35988242634994,80.99125386518581,84.0,25.161271703170893,74.15292190803738,14.457509564276148,75.71461934348359,7.1405292397040245,97.83536719485556,5.346846846846847,0.1261261261261261
City_A,2023-03-28,52.58540722291996,69.99626030767897,167.4,22.89687825977636,70.45471520270625,12.17116831107742,75.27799824518985,6.948113280632675,97.9550458662804,5.585585585585585,0.1036036036036036
City_A,2023-03-29,90.15667325724888,66.59614151967521,202.66666666666663,39.3194317451844,67.26380053935094,11.499106647994587,74.07059918262405,7.000323424806514,97.88729915123028,5.801801801801802,0.1486486486486486
City_A,2023-03-30,39.92974319378389,76.82807012178341,181.0,25.32858767373937,61.77195726025396,11.339098712893062,74.85076756735191,7.083499846486369,97.96515887910184,5.68018018018018,0.1081081081081081
City_A,2023-03-31,46.430346328201786,86.53672613530644,92.25,30.867001325186028,63.552188294055306,26.06084194743329,74.51137040219155,6.97171284929144,98.01916737187597,5.382882882882883,0.0945945945945946
City_A,2023-04-01,49.11838566276015,86.34687043221304,176.0,29.246325537875325,65.24360534686599,10.18736220175078,74.29736759433564,6.968176820749908,97.7570299724318,5.5225225225225225,0.1531531531531531
City_A,2023-04-02,58.202023866620095,72.8703635729574,112.875,27.029914395719015,44.59906108868834,16.084158484079442,74.59409358930499,7.078094618071064,97.78000810466352,5.54054054054054,0.1351351351351351
City_A,2023-04-03,51.3976120285383,70.74773531824006,169.83333333333334,23.805687706592497,59.18624688535576,5.918576668979999,75.64033025413588,7.012196012218258,98.03517366459462,5.608108108108108,0.1351351351351351
City_A,2023-04-04,40.73407699310905,84.10520983946871,184.4,23.705322588556463,59.50444597500723,15.610061968587276,75.98620036859705,7.142061585429268,97.81877024573387,5.481981981981982,0.1756756756756756
City_A,2023-04-05,45.3282395600458,64.70475819340656,77.5,22.041504662215782,57.62708148395616,5.644107793199762,75.50946275964873,6.991590174067103,97.8252141070524,5.86036036036036,0.1441441441441441
City_A,2023-04-06,41.44725694002138,76.37612035232618,211.5,30.15487810816495,68.21022762099146,2.5181040718213734,74.3643275834762,6.971514031001955,97.95983599488854,5.297297297297297,0.1171171171171171
City_A,2023-04-07,41.80174458901694,117.5904594801213,114.5,20.23121977433661,62.90706949251398,4.534858433264881,75.80676326478115,7.01219635743664,98.029723926926,5.536036036036036,0.0990990990990991
City_A,2023-04-08,57.62061862367214,71.70238481382907,131.8,25.94358704011565,56.96647100295246,14.106757408282895,75.58420890764305,6.989930843750698,97.9306366261061,5.355855855855856,0.081081081081081
City_A,2023-04-09,52.23093869381268,95.29956844755624,162.0,24.42339681957758,52.88798357386745,12.456825537565615,74.25151751181133,6.968376189055537,97.9985601163428,5.346846846846847,0.1081081081081081
City_A,2023-04-10,39.3787216774046,77.15262985031818,106.33333333333331,22.54419038261295,52.00444747849428,7.208070835133403,74.16728121200728,6.916975038135446,97.9777451295045,5.617117117117117,0.1486486486486486
City_A,2023-04-11,36.64845044042816,76.79515291335738,146.6,29.751251599160103,67.8969934601034,11.954191291161887,75.6128266829524,6.924216289492296,97.84673406801332,5.148648648648648,0.1306306306306306
City_A,2023-04-12,51.02640032878816,65.55588295896284,140.16666666666666,20.407116398465963,60.65864874785312,19.2492876217224,75.94053338442521,6.957735531822436,97.982191801174,5.193693693693693,0.1081081081081081
City_A,2023-04-13,30.42003771969538,90.7770027636833,80.6,26.896254448311183,55.5817757054924,13.479302673265227,75.21672510995052,6.988720250577555,97.82850852151816,5.427927927927928,0.1306306306306306
City_A,2023-04-14,58.13180818903218,74.94657232574876,106.8,25.55416927255697,61.4917857654811,1.732926183798694,75.02096515922763,6.912323550835351,97.95451908578316,5.184684684684685,0.1216216216216216
City_A,2023-04-15,49.55637030472703,74.81892461522055,122.2,31.943492733569105,66.88938882441175,3.638851547786772,74.31950098830794,6.965938577365429,97.9342306194168,5.490990990990991,0.1441441441441441
City_A,2023-04-16,48.15961824238749,60.40824251837064,182.8,28.98083210857086,57.47302194792614,9.40233650244456,75.22546690898548,7.007365665009812,97.84092757693284,5.400900900900901,0.1081081081081081
City_A,2023-04-17,55.53182813983506,78.124847894493,122.16666666666669,25.16464356225152,59.64859882719945,24.68119647936804,75.3866264338243,7.044652237657606,98.04854171426818,5.558558558558558,0.1081081081081081
City_A,2023-04-18,64.366808467928,81.38871406461428,169.2,23.868370702388013,58.46166799219443,13.23762269133616,74.84094878319732,7.134416687586066,98.03703814645382,5.563063063063063,0.1216216216216216
City_A,2023-04-19,55.09343653280162,86.93413676422162,192.0,20.506128561481987,60.57639742548696,6.672522888531934,75.62966277258212,6.8631361432396965,97.88392049117635,5.833333333333333,0.1171171171171171
City_A,2023-04-20,55.70593597481149,88.16117186690332,176.33333333333334,32.02487587384173,60.09372876113496,14.799230809756704,75.56803451736991,7.077719027413346,97.95093039358082,5.45945945945946,0.1486486486486486
City_A,2023-04-21,63.661533494593904,100.34161773369408,166.33333333333334,27.29994535802196,71.54224813019493,9.972652186221673,74.7928759813427,6.897070587903381,97.80762426367042,5.4324324324324325,0.0855855855855855
City_A,2023-04-22,49.12973973258952,83.4849186768112,145.8,23.807759247542887,58.357856164488055,10.240672882933932,74.85835828345839,6.936221778031387,98.08251943359012,5.436936936936937,0.1891891891891892
City_A,2023-04-23,50.51707940875734,97.28527300278668,161.28571428571428,23.682438492076603,68.81380331814694,17.285709625432656,74.75536017537107,7.031419307980663,97.83168374812824,5.031531531531532,0.1171171171171171
City_A,2023-04-24,55.32331710431902,63.83035931692463,105.25,24.505770915805797,54.65325841553332,22.732171469389414,75.2619006913668,7.308430833566375,97.98156395395384,5.301801801801802,0.0990990990990991
City_A,2023-04-25,60.23530739687556,98.9201553988442,127.4,25.330652385208992,50.270769204464045,8.377196395787289,75.33550489808644,7.038419460260919,97.94612136275292,5.261261261261262,0.1081081081081081
City_A,2023-04-26,52.09211853285943,84.9952706189015,120.8,22.73638506411374,73.11275837452047,6.7066116046058,75.34576871501223,6.925209092638712,97.93771498776204,5.54954954954955,0.1351351351351351
City_A,2023-04-27,50.015194977809735,68.50679470759084,226.16666666666663,25.24795488211824,62.80803298741055,7.929686075717003,75.00803565992072,6.987953917630801,98.00565124285772,5.427927927927928,0.1171171171171171
City_A,2023-04-28,57.055091109141,73.31146800655696,146.8,23.7150733200648,53.7843894028739,5.361558514592424,75.28883548300712,7.0335710411002665,97.96356366043292,5.675675675675675,0.1306306306306306
City_A,2023-04-29,43.30708199567043,86.84354381384028,127.4,25.942093647011,56.87216737787211,18.533502138228645,75.18207447998665,6.952826465243913,97.89537051090907,5.563063063063063,0.1351351351351351
City_A,2023-04-30,39.927258406972754,90.41445731084012,193.2,29.26750599682728,56.4581071003789,12.810595253417947,74.25508431085117,6.930325207748271,97.96005079523714,5.405405405405405,0.1036036036036036
City_A,2023-05-01,54.74189514777371,76.03199707916627,179.25,23.779145843375534,50.3061562998199,31.967940882438967,74.31718474453761,7.146718301286944,97.92504766716064,5.445945945945946,0.1216216216216216
City_A,2023-05-02,52.55077272302201,54.51890989320682,135.4,22.142970343521636,60.37265559205937,11.875013104735944,74.6474840452343,7.054079437769332,97.96931142621855,5.1891891891891895,0.1126126126126126
City_A,2023-05-03,54.20146162051649,76.499175022646,122.66666666666669,27.47972533163625,56.9065902248835,12.467045738564874,74.89284882234902,6.872988146821869,98.06924414454024,5.761261261261262,0.1621621621621621
City_A,2023-05-04,37.29559700977947,63.50189488520109,151.75,23.94032569297695,71.70741912157452,7.661232907605145,74.32166874310113,6.956716754134139,97.78746738380504,5.373873873873874,0.1261261261261261
City_A,2023-05-05,51.071987298133706,88.87529398358122,148.0,25.834305039119304,50.01770607556806,4.295923291687813,76.28768444640315,7.00098791017964,97.78732935214155,5.662162162162162,0.1441441441441441
City_A,2023-05-06,52.7517954548744,63.71846306409292,140.57142857142858,24.753297329408092,59.576393748157685,21.981528828995742,75.19875245049457,6.977505826988107,97.94340124817286,5.657657657657658,0.1306306306306306
City_A,2023-05-07,50.00079321248339,67.53883851375123,209.0,22.9518909789938,66.88612762984806,2.127777702518232,74.92452864796331,7.254797387520258,97.66265072069676,5.486486486486487,0.1036036036036036
City_A,2023-05-08,58.86732514288344,66.29792842749346,133.0,22.03874440174966,58.13285140828049,7.97585822448548,75.63312513624932,7.081552008011217,97.98524325326208,5.301801801801802,0.1081081081081081
City_A,2023-05-09,78.92607660794116,93.28435806621262,56.8,27.32396310121444,59.5483165126192,19.911091908148528,74.2970205146291,6.954522695242761,97.9227714491277,5.63963963963964,0.1126126126126126
City_A,2023-05-10,41.42451855182024,88.81353121053515,132.25,20.318572919864387,61.45190971183261,9.31599464232745,75.39293113534383,7.035203839225961,97.72466564839053,5.527027027027027,0.1261261261261261
City_A,2023-05-11,53.063187811571176,80.22121974082366,130.2,19.81379104875565,58.494712278809885,6.130876792506589,74.95895985158988,7.066518710066149,97.90171727061606,5.702702702702703,0.1171171171171171
City_A,2023-05-12,53.78952695167135,76.87919887403568,175.33333333333334,24.572228324002378,71.77813594360804,3.0805592020938186,73.35071083044245,6.839105038591602,97.92338701486057,5.545045045045045,0.1036036036036036
City_A,2023-05-13,53.0521447617015,82.70263285615414,189.5,29.085339467746444,48.14427901134264,6.609880111769571,75.14675444451215,6.994566827269368,98.03176508816289,5.644144144144144,0.1531531531531531
City_A,2023-05-14,67.60552446944372,95.69649062917956,172.75,43.1623497773293,66.88021493343254,0.9796811460649448,73.95226965187794,7.022777064054066,97.84413334464162,5.518018018018018,0.1261261261261261
City_A,2023-05-15,34.24248580761899,63.673425536158135,13.0,26.66233942769632,67.17170119404925,1.5335473445751096,75.68634052700301,7.086646375338894,97.8795802011312,5.364864864864865,0.0990990990990991
City_A,2023-05-16,55.5124831939115,89.55704566207332,157.5,18.21526908304029,68.26917834351966,13.740045849401122,74.72453163964494,6.991177778800616,97.93067638558,5.315315315315315,0.1396396396396396
City_A,2023-05-17,42.30460958173888,78.50434835408751,154.83333333333334,25.258767110001276,67.48315426333707,4.290685951339546,75.73433859274051,7.180505823591918,97.88967107291192,5.40990990990991,0.1486486486486486
City_A,2023-05-18,57.83654207341667,78.11486082782552,77.66666666666667,20.19097496712117,28.415415521781703,1.4014792753752177,73.88692371302955,7.017287079722959,97.9324810391247,5.756756756756757,0.1261261261261261
City_A,2023-05-19,59.401377724440295,75.73660368989174,150.8,22.689668957483317,60.386315904993225,22.01223376194941,75.01253378509347,6.967263049851336,98.02267427727432,5.252252252252252,0.1081081081081081
City_A,2023-05-20,54.95778282569418,41.64539368566807,98.0,30.07372010037099,70.66245032295693,3.118804270558556,75.20777069810876,7.12726131364452,97.77268352949912,5.648648648648648,0.0990990990990991
City_A,2023-05-21,54.74440004583938,77.39248767413459,161.0,27.946882660465075,70.63999999895283,9.263672341237562,75.4374127749114,6.961572228333505,97.89997555264422,5.662162162162162,0.1036036036036036
City_A,2023-05-22,53.14862629854915,91.261481025541,189.33333333333331,29.21965750511893,56.13151939646121,7.263489253111439,74.55680567881944,6.823714813269457,97.85590818571916,5.711711711711712,0.1441441441441441
City_A,2023-05-23,44.367159805643794,87.6625419512836,180.0,28.95978827647621,54.804965385153245,6.835701192085214,76.24960008481065,6.974920032960147,98.01982434754386,5.621621621621622,0.1216216216216216
City_A,2023-05-24,43.87782423267932,59.68463021386397,148.28571428571428,26.67582273802151,62.390710623897846,8.144027348645949,74.29351869556416,7.072680469873163,97.93035800822626,5.545045045045045,0.1306306306306306
City_A,2023-05-25,53.31021611243377,74.15125623234891,210.0,25.310133103441483,49.669283259947655,9.253281759704562,74.82071126170656,7.021566711018993,97.92105290133544,5.617117117117117,0.1801801801801801
City_A,2023-05-26,66.80765921179426,116.4442282094064,201.0,28.15779271171231,63.80519095401466,10.621906592377584,74.41092541522565,6.973310279129518,97.93247358399915,5.77027027027027,0.1036036036036036
City_A,2023-05-27,54.49508494879277,65.49778033477328,144.33333333333334,21.22269328048276,74.91301253671163,13.232947593775926,74.99398557696118,6.963258342855517,97.9509776127224,5.481981981981982,0.1531531531531531
City_A,2023-05-28,55.65586141692852,90.04160785508205,128.25,22.74486055573158,64.22858218104707,5.139960437530641,75.33954743483307,7.111860773729316,97.95139568003752,5.27927927927928,0.1171171171171171
City_A,2023-05-29,42.39983748201332,102.00554425022652,133.0,18.685671403924808,60.21463749421008,9.194333944383684,75.17835105796026,7.028236657723176,97.967429289812,5.7342342342342345,0.1036036036036036
City_A,2023-05-30,39.30980489577397,76.63687251397121,104.0,24.946357329877404,44.50307591662422,6.451647017122896,75.4715901661394,6.933471511816447,97.95195114498144,5.698198198198198,0.1171171171171171
City_A,2023-05-31,50.52538430692474,79.78390228072712,277.0,18.83904658278127,55.39591603582981,13.903237437911006,76.32925405253734,7.049280357026303,98.01264762490936,5.567567567567568,0.1396396396396396
City_A,2023-06-01,49.0852331626938,95.78532755210792,220.6,22.88120875393667,66.86537491581171,6.374216833857576,74.78289702825899,6.9338615286997936,97.89398491730552,5.594594594594595,0.1351351351351351
City_A,2023-06-02,50.04495523071613,76.82710625011181,154.875,22.92107141012554,53.38452244357618,5.949284738257678,74.00677529077267,7.08959903301246,97.9371853652096,5.846846846846847,0.1126126126126126
City_A,2023-06-03,42.4588923637626,63.470216090492926,90.25,26.14583458686197,58.53598883585603,3.685235417803538,73.6779794654748,7.001446143916418,97.88102740278477,5.554054054054054,0.1306306306306306
City_A,2023-06-04,52.347098296659446,93.4274646600608,136.0,16.95071720968409,70.20553100019909,5.2278156749655045,76.0607150358111,6.823527704451089,97.9587616201516,5.63063063063063,0.1261261261261261
City_A,2023-06-05,58.20558343478272,75.45279547305724,143.28571428571428,22.01797407130857,61.86968013805015,9.87800676787009,74.20120098249765,7.017575830023457,97.86849595790454,5.599099099099099,0.1351351351351351
City_A,2023-06-06,41.26782047460785,54.0697033371774,208.5,19.945375842816425,41.44455364508903,5.763925548459055,74.38430092005491,7.0996566719536585,98.05089189913664,5.518018018018018,0.1081081081081081
City_A,2023-06-07,42.003524823644526,72.6689289698224,151.8,21.55143914325102,55.53219067471821,12.095862206769077,75.19662275638585,7.05448811426097,98.05076088113054,5.315315315315315,0.0945945945945946
City_A,2023-06-08,46.2510173391856,88.99166307154049,152.83333333333334,26.026689878290757,60.03908573995493,7.894711768242416,74.51347075499926,6.982062172550896,97.89869877970328,5.7207207207207205,0.1216216216216216
City_A,2023-06-09,56.30414641753196,88.74230368771659,178.71428571428572,32.3967502384233,47.85917408316138,10.984096827381071,75.29213835432482,6.907222331901879,97.85099407119417,5.351351351351352,0.1081081081081081
City_A,2023-06-10,45.39328450164082,86.87500824190329,81.8,24.541061509418043,57.115596676442216,1.56972860081326,75.19896353465427,6.969915320896438,98.00891274034558,5.63963963963964,0.1306306306306306
City_A,2023-06-11,57.74811431906971,93.37104160929628,148.5,24.712576324411064,50.529393503329295,19.35511028691474,75.04952387236808,6.906541220451528,98.0199009431788,5.9774774774774775,0.1216216216216216
City_A,2023-06-12,26.708114383586263,90.62749563184084,181.5,25.43758211135433,49.82606229924247,7.406010724003561,75.05717014451454,6.970555764922686,97.95530366887952,5.445945945945946,0.1216216216216216
City_A,2023-06-13,43.87563367064872,67.37151363281698,212.57142857142856,26.22779500833974,69.2609332814996,7.285281413878162,75.17806858459477,7.126675413153035,98.00857377450843,5.252252252252252,0.1261261261261261
City_A,2023-06-14,50.18234535733104,77.43410225053373,158.5,27.40930799832689,54.98955178434626,19.01555441567881,75.88734777459354,6.834018492990233,97.82106957336948,5.608108108108108,0.1216216216216216
City_A,2023-06-15,35.8207443943299,47.953631718267,61.66666666666666,26.36629455969508,69.46412160221801,21.21204641457533,75.04550377527985,6.89105131401233,97.78813663027448,5.972972972972973,0.0990990990990991
City_A,2023-06-16,44.34775668101928,124.23326392515516,52.5,24.37351979535237,46.721986280667565,28.670396088420503,75.43751769448806,6.985838332070578,97.86956669094734,5.7342342342342345,0.1261261261261261
City_A,2023-06-17,38.66302891963946,86.06822355696974,140.5,32.62832532245074,58.29052456788519,6.259744224236232,74.5743582537723,6.969252746657466,97.92393225514164,5.774774774774775,0.0990990990990991
City_A,2023-06-18,56.231703661431325,62.754939638819714,150.77777777777777,20.844624764622044,63.98942201907962,10.317047855293117,75.56738377373338,6.790099774674356,97.93382618226156,5.351351351351352,0.1306306306306306
City_A,2023-06-19,46.450109200218655,78.41942727062552,192.33333333333331,25.43065905017234,64.09589845948365,2.8642990618855224,75.21899250611656,7.219302697371638,98.02400859307076,5.545045045045045,0.1441441441441441
City_A,2023-06-20,46.74966484492611,93.20688090995992,114.33333333333331,26.44121473069516,58.26755009993718,9.235728681779593,74.7386744379282,6.891821758618432,97.88922515136206,5.527027027027027,0.1351351351351351
City_A,2023-06-21,66.39431834925797,79.52270666964229,144.8,27.234277920438835,76.1661903607874,8.493646218456234,75.71115466125318,7.09354796820071,97.96192179377088,5.675675675675675,0.1171171171171171
City_A,2023-06-22,66.70418699805168,89.10469852356621,97.2,27.480238445659715,63.239385507964215,2.092557031789122,75.1003740863491,6.9822396749065705,97.8784538646002,5.536036036036036,0.1216216216216216
City_A,2023-06-23,44.15598114720223,84.13555605813164,231.8,24.006482002401576,51.2889020961985,7.953056862091857,75.30095103962057,6.866467195604165,97.92552602292668,5.887387387387387,0.1216216216216216
City_A,2023-06-24,41.5005159004424,61.541896882201016,132.2,24.44768681063686,53.71972739335263,4.244054710212591,74.80668141493351,7.007510684073895,97.98598231982848,5.333333333333333,0.1441441441441441
City_A,2023-06-25,43.11817400530335,98.23120310640068,126.25,21.06790236230036,53.03220213368454,11.350040540176316,75.4892269194679,7.023435675696595,97.9275257908398,5.513513513513513,0.1306306306306306
City_A,2023-06-26,41.27827313651131,79.07588732600186,212.0,30.63199653005489,47.80095719080792,9.040667911768573,74.21462342585343,7.062529151340991,97.77636635385252,5.518018018018018,0.1351351351351351
City_A,2023-06-27,37.5813620732897,88.91283670641133,126.0,33.168131701008974,55.15818311466936,1.8365467177846788,74.19270385138783,6.893989852619743,97.89409199145472,5.382882882882883,0.1171171171171171
City_A,2023-06-28,54.62267508030906,58.7743676853986,150.0,19.0904975971334,64.99767627667158,1.5105947591223896,75.69566415561599,7.162363516745942,98.01786769911324,5.414414414414415,0.1306306306306306
City_A,2023-06-29,51.22657759168796,74.7531478932732,109.83333333333331,22.133792625547493,54.25450077984304,15.894389126726004,74.11819799770808,7.080622727905211,97.95891160171976,5.481981981981982,0.1351351351351351
City_A,2023-06-30,56.04576075376752,83.24555594831475,167.0,24.336009883555484,61.80834065393439,5.756361104213712,74.67142402707896,6.935511865339715,97.9179119614393,5.387387387387387,0.1171171171171171
City_A,2023-07-01,65.07932809528522,71.72245081716673,140.2,17.50632826148756,72.56343001855406,3.64941834019055,74.73152769587524,6.93108071885333,97.97980155044128,5.463963963963964,0.0945945945945946
City_A,2023-07-02,56.92750719519966,98.15225968647589,124.44444444444444,23.709849518146594,62.80606841391394,16.452207699820107,76.48181915339914,6.97387784202874,97.92007399496708,5.518018018018018,0.0990990990990991
City_A,2023-07-03,54.51068641804128,99.44667352318228,176.75,21.517444657894824,71.58097877927379,6.741133426764506,74.88513101652065,7.030053305290967,98.02246192854068,5.594594594594595,0.1171171171171171
City_A,2023-07-04,61.93477532091422,102.56988331499294,180.66666666666663,18.894170515984012,54.3310687588574,17.402690637476404,74.62489786598174,6.99346291663015,97.84068385608136,5.391891891891892,0.1081081081081081
City_A,2023-07-05,68.8476675918311,79.16038098396733,163.33333333333334,24.81784488769968,56.36819515641885,1.7624490120166865,74.35509403863641,7.071167893079608,97.98402885664451,5.054054054054054,0.1261261261261261
City_A,2023-07-06,39.110586272618434,86.11007791710263,136.8,16.712766744418268,61.59671756088765,8.95924809202885,75.27475389368318,7.172513589246578,97.89023365653838,5.6891891891891895,0.1171171171171171
City_A,2023-07-07,41.871640169414285,96.24308972217922,162.44444444444446,32.21495130611127,58.18546279992095,0.8123689248072695,75.97165245493197,7.008314846797609,97.79340589824096,5.599099099099099,0.1486486486486486
City_A,2023-07-08,42.51061714291201,83.61911310564975,126.14285714285714,29.949014711812943,55.82379196703855,16.52290037017057,73.79782274585025,7.03312607223375,97.89401305996614,5.306306306306307,0.1126126126126126
City_A,2023-07-09,50.153333054503605,60.06468230745963,145.0,25.3024558706771,69.29562620307442,21.360501513421568,75.38316697220769,7.013349912989165,97.9571435735068,5.400900900900901,0.1261261261261261
City_A,2023-07-10,41.5730588021742,69.6721490666687,119.33333333333331,21.814290491296628,53.50078063474035,7.976681887217161,75.5495233324279,7.205330999356576,97.95849336197296,5.463963963963964,0.1486486486486486
City_A,2023-07-11,49.86166845968286,93.35950486410634,100.8,22.703271823866288,54.22864526774339,13.176399708475152,74.7685600435647,6.9149672753753295,97.96993711618578,5.4324324324324325,0.1306306306306306
City_A,2023-07-12,62.38805482049965,84.77639349172695,173.16666666666666,28.57545551637572,64.17125713185587,10.157626290912226,75.53373442413577,7.0630519634637805,97.8791784373826,5.554054054054054,0.1216216216216216
City_A,2023-07-13,47.44154601484938,87.21857132363132,240.4,22.047818569295305,52.04167413390661,6.811368571295771,75.34041601571538,7.033423045124863,97.91310000022726,5.081081081081081,0.1396396396396396
City_A,2023-07-14,39.35746249466453,79.26776899330596,172.2,37.40398820841571,70.07987470618664,3.3180430817035487,75.28073703873251,6.847251057692308,97.980104190969,5.333333333333333,0.1486486486486486
City_A,2023-07-15,41.85350880611711,87.84799901929918,170.25,24.06129746593188,60.01345190104914,10.151506754102009,73.86905373380753,7.082944702536349,97.8737228668889,5.342342342342342,0.09009009009009
City_A,2023-07-16,42.62167683156163,93.9724750015289,154.0,17.700798828390266,50.6784739160092,14.883726113798536,74.50483597305688,7.135354425794123,97.97396162626842,5.490990990990991,0.1306306306306306
City_A,2023-07-17,57.57554523831172,57.35544311053948,164.33333333333334,27.708636261329072,58.13248659012659,20.30158119331298,75.15103521835303,7.062090388887948,97.83872897104628,5.648648648648648,0.1126126126126126
City_A,2023-07-18,37.62284738836462,57.86136891741254,120.57142857142856,26.498241689516032,69.19220146353726,8.455134537123858,75.16032523648447,7.046141829447934,97.88215155604964,5.427927927927928,0.1171171171171171
City_A,2023-07-19,26.5428278204094,171.81844434722393,255.0,20.389677717203465,49.01374554518309,2.452547545531739,75.88220352158046,6.8849928582015645,97.90817997690526,5.7657657657657655,0.1351351351351351
City_A,2023-07-20,54.405555067913234,58.9669265633236,128.5,19.54812623622721,57.25031524089889,2.2660654680901025,74.05529217012122,7.000677689439865,98.19115111287752,5.774774774774775,0.0945945945945946
City_A,2023-07-21,50.95732440748384,67.41760485313407,135.4,25.178296938146143,55.4576696251912,9.069383585418104,73.8322420205021,7.034695183047362,98.03625996799354,5.4324324324324325,0.1126126126126126
City_A,2023-07-22,67.97363332116886,69.36386472713203,178.4,25.863447188037945,62.90515363351948,17.402432653556478,75.86984358065291,6.996349547491985,97.85249191205293,5.527027027027027,0.1216216216216216
City_A,2023-07-23,37.98817653701137,69.59761525361694,135.5,25.099000018530795,56.55436617255186,7.200653352419669,75.43034000937762,7.081756455652109,97.96604485044756,5.608108108108108,0.1621621621621621
City_A,2023-07-24,37.359356235101046,64.08643420680653,183.5,28.79783584983212,62.42496819046937,5.370725791667919,75.01459434884647,7.089648540701333,97.86851091710147,5.504504504504505,0.1306306306306306
City_A,2023-07-25,49.24033315468645,75.90025178099289,132.5,30.100337847941734,52.02177022420612,7.386012619176326,75.7162962765371,6.936569484748959,97.90136990765068,5.261261261261262,0.1306306306306306
City_A,2023-07-26,52.59093902121682,80.6949245795954,144.14285714285714,28.0318469975559,58.60613884405332,5.64574670107736,74.1184231912956,6.8885670573796505,98.00807230523044,5.648648648648648,0.1486486486486486
City_A,2023-07-27,39.54188339398459,60.23269949529851,201.5,25.77376377517116,63.30033885002459,4.734627295866958,75.21507753437052,7.095473163817333,98.04272378263784,5.5,0.0945945945945946
City_A,2023-07-28,58.84609851424773,57.04102798860194,165.5,26.577267329469112,65.05025747244235,11.123084598118506,76.1147726186289,7.05670794750272,97.91690729427089,5.351351351351352,0.1441441441441441
City_A,2023-07-29,32.86260261155907,85.86844055358486,170.5,24.018740449637438,65.1538747545772,15.856714254791957,73.88847476771205,7.065697110535953,98.0830992627094,5.6891891891891895,0.1036036036036036
City_A,2023-07-30,41.32069763148722,77.8182547262753,133.4,13.855009038797734,59.991825766273394,3.421327920244257,75.08426529543895,6.827438483462402,98.1521183534478,5.504504504504505,0.0945945945945946
City_A,2023-07-31,44.89439795935631,83.14949378798738,159.0,22.45826835784732,60.11375882581523,7.151146396710778,75.11342283194223,7.102677297991713,97.8708030928749,5.405405405405405,0.1486486486486486
City_A,2023-08-01,49.68124402369553,72.86437169652417,79.6,21.912979465330096,50.26964858182146,8.499827235142012,74.06055864681804,7.0134131025604525,97.992657206274,5.617117117117117,0.1126126126126126
City_A,2023-08-02,52.057850052164014,87.12412023810279,165.875,25.59167343918457,60.74208363247053,10.628503256817174,74.488039964412,7.074851207597415,97.9823436886808,5.711711711711712,0.0945945945945946
City_A,2023-08-03,31.94410407067877,97.11637748878634,239.0,28.081006045526344,61.82891804732667,17.696366433223233,75.27159752709483,7.218713662995363,97.92765937852612,5.094594594594595,0.1351351351351351
City_A,2023-08-04,55.32133932909615,91.26680154138462,185.0,21.28597597756469,44.293421421448,8.534947906169158,75.26171852472818,6.96288322478863,98.02418185480026,5.445945945945946,0.0945945945945946
City_A,2023-08-05,45.7147718632363,76.2950012364748,125.44444444444444,19.35687830848187,60.518620518081896,3.189779326851456,75.65838678843988,7.012116761899294,97.88028507951812,5.518018018018018,0.1216216216216216
City_A,2023-08-06,45.38954397239896,93.95195407905624,156.0,27.468969974223363,48.970133189395256,13.374556354858164,75.29401356125909,6.965645159448289,97.74104749375354,5.4774774774774775,0.1261261261261261
City_A,2023-08-07,51.91244884927839,81.96982277905659,128.25,28.35486181746672,76.2161289114887,10.913243269928346,75.61599286236579,6.916196282531658,98.08975746329108,5.585585585585585,0.1171171171171171
City_A,2023-08-08,57.97027131857448,83.60165159262424,132.0,24.49297660855147,69.4504509548721,23.98312664802914,75.68900695474815,7.045822297508231,97.9528566876741,5.45945945945946,0.1081081081081081
City_A,2023-08-09,50.21514374755876,87.25252366964095,92.33333333333331,12.43200355285961,90.54139896443218,8.117933549896186,75.49181207938553,6.834001283351588,97.82567479440448,5.608108108108108,0.1621621621621621
City_A,2023-08-10,47.17389806541995,106.00508396932436,136.85714285714286,26.593149942180556,54.73040999649065,3.120002686023527,75.38154817588442,7.097230255773891,97.8901023184624,5.454954954954955,0.1216216216216216
City_A,2023-08-11,53.79026583211079,74.67423460650294,117.0,21.208623637637054,52.93266293302414,9.5926689161267,74.59952434047482,6.960220607828388,97.97022293158446,5.387387387387387,0.0945945945945946
City_A,2023-08-12,48.46578143573379,79.8384257794148,141.83333333333334,26.84151478291403,62.79567402240815,14.67895682265082,75.0067398873685,6.868971937213043,97.99638199140836,5.608108108108108,0.1036036036036036
City_A,2023-08-13,47.25186606442468,80.88849903473971,89.0,26.297027925447583,61.6401930793521,5.638223822764025,74.58953482033321,6.9931666212854,97.995829276975,5.121621621621622,0.1216216216216216
City_A,2023-08-14,68.00500262551375,102.92299320674624,62.66666666666666,20.061259671647772,74.22428699093547,4.143678187393501,74.60352182648742,7.112513316847037,97.93377752326931,5.387387387387387,0.1036036036036036
City_A,2023-08-15,45.30530093016581,78.86803997273853,106.85714285714286,23.408023876718957,66.52940102926159,6.610026930145709,75.52018107321366,6.959628998628436,97.93801671815991,5.864864864864865,0.1441441441441441
City_A,2023-08-16,49.14382152685909,69.88874927575671,164.5,30.484999676220628,61.053094552848485,9.258800018386689,74.74379918742046,7.081631583550517,97.93487097926229,5.612612612612613,0.1171171171171171
City_A,2023-08-17,41.20574564502024,86.2537708295344,141.66666666666666,22.316974955273096,62.199264689073885,14.353775111276114,73.77553620964196,6.876388547137394,97.79848885837684,5.828828828828829,0.1036036036036036
City_A,2023-08-18,46.2301760494282,58.29420761654217,53.66666666666666,25.337310746065924,53.62983733532774,17.629730600000197,75.10046699743128,6.954941563274321,98.01091294845544,5.644144144144144,0.1126126126126126
City_A,2023-08-19,58.92272100176525,77.05348254011045,123.0,25.10298366679323,61.147658834352896,13.873776979620832,76.0949544492047,6.878568402555359,97.92835618382354,5.5,0.1126126126126126
City_A,2023-08-20,44.75204474549807,73.07827181148136,196.2,19.91674953644933,65.03677261846809,0.7960899252665934,75.86480525288617,6.949320196508541,97.9103993711872,5.536036036036036,0.1081081081081081
City_A,2023-08-21,43.265988076110894,83.3888787882443,126.25,31.09834961504147,56.9242088885343,7.43409877178382,75.15844417145884,6.9830354416163525,97.72296373299042,5.0225225225225225,0.1666666666666666
City_A,2023-08-22,42.19657993166619,70.71988420386893,168.0,28.57789545620612,51.64993181011334,4.992150911335889,75.45914698076069,7.352323061969563,97.8702404951757,5.216216216216216,0.1396396396396396
City_A,2023-08-23,21.52440041073824,95.51245318544788,171.5,19.57311855344963,59.796287561815554,10.21101840899176,74.53370843229361,6.953404635699699,97.8956378083818,5.288288288288288,0.1396396396396396
City_A,2023-08-24,45.5811154341686,84.84790188348823,238.83333333333331,26.469534678758396,70.43325180884004,1.1342327877665246,74.79852185214797,7.0082925447053634,97.91679066170896,5.675675675675675,0.1126126126126126
City_A,2023-08-25,46.04362036376983,85.76447085807109,137.25,22.17903736185141,63.72776109729764,19.26104795995853,74.9274173494482,7.097148079921902,98.15921279255434,5.68018018018018,0.1441441441441441
City_A,2023-08-26,40.5954017628744,99.8167090392394,170.0,24.6386835654971,52.017592281209495,9.60625289644296,75.52984080833674,7.126635100142028,97.77876639769978,5.68018018018018,0.1396396396396396
City_A,2023-08-27,50.85844378913911,51.24109172946588,186.75,19.63253713653534,62.24753491215435,6.582205258043151,75.49867032370199,7.159967589894905,98.12178826045256,5.463963963963964,0.1126126126126126
City_A,2023-08-28,44.60148753186236,106.35658034926942,76.8,20.639174389789392,60.14543522460885,6.977901333054439,75.21990937952447,7.035869230374037,97.86181876149897,5.441441441441442,0.1081081081081081
City_A,2023-08-29,54.94179207107827,65.40139346921544,108.625,23.853637599501464,52.68421898590961,2.233361057606833,74.66274658324359,6.961251156587845,97.8627989530578,5.59009009009009,0.081081081081081
City_A,2023-08-30,41.66023263561759,45.45872435226116,216.5,26.93550658299686,51.18672584198156,0.5290543454355587,74.6832650804508,7.07402245325242,97.90699636923736,5.792792792792793,0.1081081081081081
City_A,2023-08-31,43.12501541995891,96.48843088760196,152.83333333333334,27.263159537240018,62.691795832058894,3.149540021922085,75.22605501720861,7.063671575471543,97.9791037429879,5.792792792792793,0.1486486486486486
City_A,2023-09-01,64.90032350014985,86.10310945306573,138.57142857142858,21.515209711021846,63.60144288081725,17.343748570243132,74.94756095887807,6.982002079630556,97.98387697645715,5.563063063063063,0.1126126126126126
City_A,2023-09-02,71.49515500625893,92.19298227260263,134.0,24.76439831018894,60.66551280438546,9.21340793495257,75.98512978413893,6.907126759676148,98.06641766744652,5.391891891891892,0.0990990990990991
City_A,2023-09-03,57.38812929530857,87.46116586057359,134.75,27.11615322221945,53.16708455180509,6.19190073391556,74.81675195398562,6.9860644800749885,97.83826739281226,5.72972972972973,0.1396396396396396
City_A,2023-09-04,45.146196851726216,105.44157858217756,201.55555555555557,28.253870301219205,55.49128882615776,10.969514490931616,76.15240859851595,7.017392151893191,97.89640292923362,5.851351351351352,0.1576576576576576
City_A,2023-09-05,42.68818784695352,79.06835543710471,105.0,25.40738673280592,69.2854581175518,11.872560732508491,74.92538779707075,7.016483353249526,98.01169401980415,5.45945945945946,0.1261261261261261
City_A,2023-09-06,53.106946816970456,84.73373576210409,141.0,25.450478665755792,53.87298721486453,6.517059516515262,74.60223385460735,6.977710911689041,98.01085885277683,5.351351351351352,0.1081081081081081
City_A,2023-09-07,54.2680776478869,70.99206600695787,137.8,29.72532099897836,54.384742615204416,18.688995291361323,74.55110595817389,6.943977825544855,98.02211661500644,5.414414414414415,0.1261261261261261
City_A,2023-09-08,86.59913756679146,90.32221975075664,69.0,20.724360238801136,54.61114744382843,1.59762446965712,74.3002569188511,7.05943730703137,97.86460725261097,5.382882882882883,0.1576576576576576
City_A,2023-09-09,54.63639715525743,91.35692115499454,172.6,23.48537348926978,65.12810692530819,9.989335428550657,75.38518587988115,7.068426304880559,97.99992845286458,5.806306306306307,0.1216216216216216
City_A,2023-09-10,46.35201392390748,90.1598610511209,59.8,21.686467169732776,60.951064933803934,12.66584534927591,76.56593585900478,7.054916960304015,97.82178027578588,5.283783783783784,0.1306306306306306
City_A,2023-09-11,57.97062234103303,83.07001332799095,131.0,21.277760733684133,56.71048715500218,4.087081830095222,74.66010566006392,7.107143206137199,97.99635912020648,5.216216216216216,0.1846846846846846
City_A,2023-09-12,47.60493880596986,101.18438754017372,154.8,20.487794563293967,47.42321107109891,8.985135488142879,75.0598837312746,7.107704932049477,97.90376634693466,5.698198198198198,0.1171171171171171
City_A,2023-09-13,45.3070578567166,77.179583522476,195.16666666666663,26.643867045496624,58.78810013151806,10.796974295787546,74.87811950966736,6.9946676972571415,98.04159853579588,5.653153153153153,0.1351351351351351
City_A,2023-09-14,39.57564504998573,74.89106061192592,140.2,17.882701859937164,63.39150423060126,10.455736157155023,74.5950738772929,7.004827136784103,97.99426260409928,5.211711711711712,0.1351351351351351
City_A,2023-09-15,37.257343691481424,58.17727733836786,143.0,26.237246731487254,44.88990224612972,7.889533041407511,76.08726412285093,7.049079011357656,97.797367161974,5.95945945945946,0.1441441441441441
City_A,2023-09-16,60.051124376992455,92.06933021120297,108.0,25.945656956031844,52.66736605569516,4.54811391981041,75.55718709233321,6.857597069202486,97.88447954099246,5.554054054054054,0.1081081081081081
City_A,2023-09-17,64.57557024894867,88.0664002915699,173.22222222222223,19.649967645431364,58.557465051362776,10.57708148307414,75.23009461534726,7.0332318252950525,98.02376710254924,5.5,0.1171171171171171
City_A,2023-09-18,39.22375423665002,88.59085857349005,192.66666666666663,25.335742949240927,64.43125296755896,4.639433503943045,75.9201510003466,7.178400776584047,97.98137950645469,5.54954954954955,0.1621621621621621
City_A,2023-09-19,61.458648166046096,91.03095835869026,198.8571428571429,19.51215638947565,69.95530982531743,6.532523354926741,75.13969912382525,7.053323014179753,97.98951381261328,5.481981981981982,0.1216216216216216
City_A,2023-09-20,63.04123033446883,84.554133234085,216.33333333333331,24.75366028849233,56.51019991716583,2.8257298330862173,74.65435016466857,6.962552508119635,97.97282479602376,5.792792792792793,0.1036036036036036
City_A,2023-09-21,52.10163130352968,95.01403373867744,197.14285714285717,23.12984880138132,65.32762301760059,4.588024042187961,74.93530346443225,6.910760221457261,97.79924486140364,5.481981981981982,0.1531531531531531
City_A,2023-09-22,40.88023453921549,66.73955518432467,93.0,20.13543016129803,45.36401695436943,6.804354606322396,73.56574918376818,7.106905224875691,98.0318970448368,5.752252252252252,0.1261261261261261
City_A,2023-09-23,54.4628999656192,74.31327062373032,168.66666666666666,22.78799542814114,49.893235901361926,3.4268817034635624,74.15257614477441,7.093738418629689,97.84480012874836,5.612612612612613,0.1081081081081081
City_A,2023-09-24,46.34963409108671,76.93157151802122,110.5,27.956370488497083,59.17830642885472,8.949413361583893,76.65325481297751,7.115132003015772,97.95495370365737,5.833333333333333,0.1216216216216216
City_A,2023-09-25,49.57970855543571,83.67964386102688,233.0,24.8525612519861,61.679896747099896,16.402637949311845,74.7437764509155,6.870484698631216,98.05924340025116,5.238738738738738,0.1441441441441441
City_A,2023-09-26,55.852996486435,78.04045495134241,129.33333333333334,26.300835958056098,61.853159659188655,27.6549625846626,76.19444793115402,6.985457357713083,98.06727715547986,5.671171171171171,0.1351351351351351
City_A,2023-09-27,52.26216020756425,84.93080500037208,94.5,18.6104683936584,69.29583584561543,10.620639602431552,73.97239252751118,6.982727910688855,98.09563382216894,5.653153153153153,0.1441441441441441
City_A,2023-09-28,46.91704273182425,86.97093791815733,242.6,26.90908529327719,53.68370174413685,6.267243348506408,73.7057376386479,7.148883812890379,97.8801390811055,5.2207207207207205,0.1441441441441441
City_A,2023-09-29,56.57604725739255,74.44237297048286,136.75,25.833318195815146,59.58370760752069,7.212991018155258,74.44033479725036,7.018780138281865,97.83676736979588,5.7207207207207205,0.1396396396396396
City_A,2023-09-30,51.87484747489328,85.62532757229042,142.0,26.48540790897722,61.07730196974764,16.726206570453666,75.24258217264213,6.982201042048105,98.1197695715456,5.31981981981982,0.1216216216216216
City_A,2023-10-01,50.44056969851716,77.24818910672379,187.33333333333331,24.908545476952757,59.43751079074972,12.063266120165896,75.39241599184838,6.831435745079871,97.93366048435436,5.418918918918919,0.1171171171171171
City_A,2023-10-02,52.13970229426202,72.63818742256879,143.4,30.262384813311375,68.40436154277931,7.783058656595831,74.57426069418757,7.052289699291406,97.85606300032794,5.644144144144144,0.1126126126126126
City_A,2023-10-03,52.66462534196437,95.52834886256224,188.0,19.227309869680447,62.71600611800922,2.482509647229512,74.54141090661354,7.00055006350282,98.00089922211856,5.518018018018018,0.1171171171171171
City_A,2023-10-04,48.71094500951109,72.80909765526113,153.25,23.723779353916918,54.86221155912792,6.22053080999771,74.55289036854755,7.118270504134831,97.86117889914738,5.2207207207207205,0.1081081081081081
City_A,2023-10-05,40.46781203786242,94.85544898743044,141.25,34.537423643003336,55.612742426889625,5.45731575438734,75.80863884112415,6.8478143452706615,98.01034372056252,5.2342342342342345,0.1531531531531531
City_A,2023-10-06,32.149266511045745,108.46745531252267,235.5,28.018287705962788,71.3020507972298,12.496887352430068,74.82120032309032,6.948005363023151,97.98477467483372,5.5225225225225225,0.1216216216216216
City_A,2023-10-08,51.72882215988591,97.57143295924894,181.0,28.571522159712792,63.56272900751839,2.030387914274886,75.24767898064728,6.937677676138003,97.85557133545252,5.626126126126126,0.1216216216216216
City_A,2023-10-09,33.522541444712786,80.22205963464887,239.0,34.399561394857486,55.73076833979707,2.0891843395744703,75.34110572764355,7.133507495999966,98.19142130156892,5.495495495495495,0.1081081081081081
City_A,2023-10-10,51.71651243094127,96.34182048253224,102.5,24.317847888671874,50.775393145017176,13.365777042303048,74.93619524137678,7.034179250772281,98.11912569530578,5.563063063063063,0.1261261261261261
City_A,2023-10-11,47.7169126058652,65.4888884985717,106.25,28.321402270811745,67.8812172108042,6.958358540333974,72.39136345465194,7.082526625174661,97.98449281026248,5.743243243243243,0.1261261261261261
City_A,2023-10-12,64.59784459879292,65.2520826916624,162.57142857142858,25.87228878959274,58.25403682746493,15.350360038276648,74.70734472564814,7.090554958484944,98.06245348726824,5.472972972972973,0.1126126126126126
City_A,2023-10-13,38.98466952642356,71.25844781039373,164.2,27.912344382645784,52.15266389878885,9.57856417416701,75.14516929011202,7.113436221269267,98.08000116305082,5.504504504504505,0.1351351351351351
City_A,2023-10-14,16.544872838888928,125.24597231071871,230.0,25.105744013088,57.30719540619158,10.398571347041464,75.09279259756264,7.16107941902355,97.98436869993394,5.324324324324325,0.1171171171171171
City_A,2023-10-15,46.08487983704211,106.09268827398974,132.33333333333334,14.937888618309572,53.45719877845927,15.505088524162083,76.0512104627032,6.947046752564957,97.94702777868922,5.558558558558558,0.1216216216216216
City_A,2023-10-16,54.64252794613153,104.85269220123132,239.66666666666663,30.74037500304534,47.54869626679107,8.65716322754125,75.49833347479733,6.924419658939541,97.93815624753994,5.86936936936937,0.1126126126126126
City_A,2023-10-17,63.99699507021359,78.16632036016053,89.0,18.946407972809453,68.25710741149888,8.351593451060971,73.99337736391463,6.988683827325638,97.85092345689812,5.716216216216216,0.1621621621621621
City_A,2023-10-18,18.33192322484336,111.32531455745853,137.0,23.92476468380159,59.96082067712072,3.721670295077317,76.14241298120446,6.94750968429809,97.85116589779597,5.247747747747748,0.1216216216216216
City_A,2023-10-19,46.160940531384206,87.7260679242006,48.66666666666666,26.32586368079958,54.15411470924217,5.945791680119848,74.30146432383464,6.859668356420623,97.97989974866684,5.581081081081081,0.1261261261261261
City_A,2023-10-20,53.99199866583423,109.00764227493868,193.8,21.501181795464905,71.66045098366054,10.970727540487692,75.24718537138531,7.020688037587421,97.73903517035656,5.121621621621622,0.1351351351351351
City_A,2023-10-21,44.9938301561513,73.34685044388945,154.42857142857142,16.638751107077784,58.87431073661178,1.685847782122446,75.18075475709061,7.013084980921973,97.85764058184938,5.756756756756757,0.1486486486486486
City_A,2023-10-22,46.74999702987385,117.48705678699272,181.0,27.22556648830316,61.74553807374157,9.578586384455496,74.40979388422434,7.06963019420777,98.06164672557956,5.536036036036036,0.1126126126126126
City_A,2023-10-23,36.65488112577599,103.57605517926666,255.0,22.24782691126749,45.2731342593322,5.213205821812498,74.62213153284974,6.999860580732321,97.95216140119216,5.693693693693693,0.1081081081081081
City_A,2023-10-24,28.15430363051941,97.42120825315304,100.33333333333331,26.52876891080253,51.89574201912794,21.69549605570973,75.12115791321412,6.969122730708476,98.13029206927526,5.382882882882883,0.1216216216216216
City_A,2023-10-25,44.63385776937045,70.55860159292362,190.5,24.305569763105087,60.69404766118237,2.908726920756784,75.34837646445652,6.964816117043505,97.86441797516308,5.396396396396397,0.1306306306306306
City_A,2023-10-26,43.60701775428982,100.05722184175607,296.0,26.00752224087621,50.686025342960335,4.433530338071227,74.06047569180734,7.000501211894398,97.94189588793232,5.81981981981982,0.1216216216216216
City_A,2023-10-27,36.62081726797335,94.55137088004528,144.0,23.656733985485022,65.62071857838976,14.439196601771243,75.26514259040697,7.1113923617322685,97.8367296039475,5.617117117117117,0.0990990990990991
City_A,2023-10-28,71.06962075923533,76.98059666594213,121.44444444444444,27.40146451310333,58.99908493267501,6.8394311349548005,76.06609373654022,6.8875323411946745,97.97812251134584,5.86936936936937,0.1531531531531531
City_A,2023-10-29,56.81271821740512,75.60537322573174,97.75,30.993687517562197,55.00445255898451,13.572666419125005,75.39843934089518,6.910732263435133,97.9683352034222,5.261261261261262,0.0855855855855855
City_A,2023-10-30,64.55361011912431,59.97077183207752,60.16666666666666,23.83353483886837,62.19590908864982,7.726202663233399,75.08414761386074,7.029334800790995,97.9866015149592,5.337837837837838,0.1261261261261261
City_A,2023-10-31,64.50766252313115,87.71076542191147,185.75,26.005738510944397,47.76648153776631,5.607416347986097,75.46081506893933,6.986937565358909,97.88475819209047,5.612612612612613,0.1396396396396396
City_A,2023-11-01,32.643015077288666,107.53530573997708,270.0,28.702059875317484,55.52663478119011,2.481663262796081,74.95973133043867,7.086118781192735,98.0749116092305,5.608108108108108,0.1306306306306306
City_A,2023-11-02,44.04187667159233,64.73599564983833,189.33333333333331,26.530205849148263,61.4501969307703,17.160149985337053,75.37682615052573,6.886658688165731,98.01115497638462,5.481981981981982,0.1306306306306306
City_A,2023-11-03,62.49031623083817,80.65842538889845,84.5,19.13964016861848,61.057875340595714,12.940624204492725,74.43332291502041,6.881285780152507,98.04719463488576,5.59009009009009,0.09009009009009
City_A,2023-11-04,48.6646125395112,65.96555412907496,137.42857142857142,21.93998075272691,31.244807370852307,4.815245758353937,75.95596490971768,7.128835151538532,97.88437187052114,5.4324324324324325,0.1396396396396396
City_A,2023-11-05,59.44703839925645,93.60988741212611,92.33333333333331,24.70432218278226,54.15635846625535,16.98441081899757,74.89817011964699,7.042776879677806,97.9329169827361,5.545045045045045,0.1666666666666666
City_A,2023-11-06,53.65290035038479,87.7218537550838,124.85714285714286,27.646819246980705,58.80994682171957,12.763350361934902,75.78257615982994,6.93663182751332,97.94066385783458,5.5,0.1081081081081081
City_A,2023-11-07,51.22917288372809,72.44874746457195,146.16666666666666,24.621337765511,58.72602382463118,8.42375924794105,76.24871002309594,7.010911349635314,97.82857486602217,5.554054054054054,0.1486486486486486
City_A,2023-11-08,51.07180468685395,69.93906602368199,185.8,24.91882159069383,43.25471713005017,0.8283239403080147,75.56795449685306,6.951316663955222,97.97146699302154,5.18018018018018,0.1351351351351351
City_A,2023-11-09,43.404111796323015,79.42070559825463,162.875,23.39825314696296,64.74587535415834,8.744401642278135,74.07752816146828,7.013464312533857,98.04582848130045,5.671171171171171,0.0990990990990991
City_A,2023-11-10,41.21402461238002,86.44521026148357,246.5,25.804135376675177,38.60641681600737,1.863526220941664,75.19731138070142,6.834533688640087,97.92129411296216,5.711711711711712,0.09009009009009
City_A,2023-11-11,55.59412347198863,89.45041013445176,178.0,30.381548170337137,63.76694379860975,2.603215935153446,75.40690815794665,7.102236674679598,97.92107127045864,5.463963963963964,0.1171171171171171
City_A,2023-11-12,41.9009056330645,82.58764059488705,109.6,21.70532643976748,58.83325394514444,4.240696120738982,74.60766634413996,6.941391979385784,97.85760577732424,5.495495495495495,0.1306306306306306
City_A,2023-11-13,68.6656853541225,79.95090291116206,177.28571428571428,25.98727890949901,81.79131628892608,2.713219937516784,74.71117468261762,7.212934199417929,98.02417091155142,5.77027027027027,0.1351351351351351
City_A,2023-11-14,56.01255616918623,83.49816076300688,95.66666666666669,26.5645973509278,63.25277600192135,3.692442259768133,75.3889344003737,6.850981700119363,98.01062067065804,5.54954954954955,0.1351351351351351
City_A,2023-11-15,55.760814133913776,86.74125223622717,183.6,24.63800042836034,57.934360970650616,8.586128878153673,75.56900325635013,7.1096254945069415,97.9402067894116,5.324324324324325,0.1216216216216216
City_A,2023-11-16,56.28778231520562,59.20424451092496,222.66666666666663,27.3280461483466,52.31719212441664,3.20863771336965,75.35835715934752,6.896708367774621,97.81006882090732,5.621621621621622,0.1396396396396396
City_A,2023-11-17,39.89229527352822,78.49683081253714,204.16666666666663,27.200468701850014,56.91934137833954,4.90211237136939,74.34355120953889,7.014447877300994,97.94918075927802,5.3108108108108105,0.1081081081081081
City_A,2023-11-18,46.66565836469426,57.61997800076095,153.0,21.42763262306476,68.33236063701015,11.81748612262953,74.70842912452065,7.130219253647551,98.05086386362014,5.324324324324325,0.0990990990990991
City_A,2023-11-19,53.09294097241507,90.77000403889858,119.14285714285714,23.73516816729768,61.9884822764242,6.3511096647915775,76.16324662748731,7.144494975525204,98.01418518790126,5.306306306306307,0.1126126126126126
City_A,2023-11-20,44.80881925638701,70.56939148233657,149.66666666666666,20.75578943946464,64.93994014326161,4.21595799807552,74.03159246683423,6.829131630578539,97.82349484294718,5.612612612612613,0.1396396396396396
City_A,2023-11-21,45.04841487345183,67.63035223384541,118.66666666666669,28.257483686986085,59.15425521252486,6.868540974630458,74.34345405694222,7.242490670842444,97.90856059952374,5.612612612612613,0.0990990990990991
City_A,2023-11-22,52.59498739802569,65.15891386193898,211.5,29.832545474155168,60.74500368790553,15.344431305235815,74.43306985777674,6.869588632633147,97.95015522629464,5.423423423423423,0.1216216216216216
City_A,2023-11-23,47.38964100437184,71.55400988562565,130.75,24.29714556324444,46.32741142748012,3.61207700773695,74.34246882139965,7.027473567939611,97.99724677272944,5.725225225225225,0.1351351351351351
City_A,2023-11-24,45.0825197253005,83.35143330796426,198.5,25.709219280981788,55.36990520985915,10.303812901468708,75.3089420422714,7.062218871494699,97.86147172174805,5.531531531531532,0.1351351351351351
City_A,2023-11-25,39.29803772590196,109.47059725825312,199.66666666666663,24.881138657687742,71.85920069710535,7.608847345149879,74.69075569957784,6.827889357982376,97.9346597907814,5.6891891891891895,0.1666666666666666
City_A,2023-11-26,49.26832491957535,55.068956328607925,173.125,32.48174466721215,60.77667141643169,1.903252310132446,74.67135666921621,6.926319100740815,97.92926631039823,5.463963963963964,0.1396396396396396
City_A,2023-11-27,47.56277514941264,91.43167957792984,150.11111111111111,34.19014019871707,41.88756803212967,3.1122091326283643,75.36931312402146,6.919816411993907,97.95036429501268,5.576576576576577,0.1486486486486486
City_A,2023-11-28,48.34806701910868,84.91498141833043,154.8,20.41693991410888,47.96419430129319,5.026863134279434,74.11618762670604,6.8338180094851575,97.93300683481974,5.617117117117117,0.1441441441441441
City_A,2023-11-29,43.55041092659896,21.61816331522769,52.0,23.34692582325697,50.89207954839964,8.360901594796644,74.56757970232849,7.086283119621586,97.92293252821386,5.518018018018018,0.1216216216216216
City_A,2023-11-30,53.844124109505785,64.41018822637825,179.71428571428572,25.07928315083052,70.26609546372734,14.295552483041677,75.26021121476232,7.044796178209212,97.95670772822974,5.04954954954955,0.1441441441441441
City_A,2023-12-01,50.961206881606415,75.52181284457996,169.5,26.0948921665108,55.147753752665984,4.139331399493308,73.74345661747081,7.15603655090392,97.94445897818652,5.63963963963964,0.1306306306306306
City_A,2023-12-02,64.46171492345313,77.07875780210841,127.0,20.07766035615729,61.64465197621567,11.500182197352144,74.53150984587047,7.054030415606043,98.03409100748748,5.382882882882883,0.1351351351351351
City_A,2023-12-03,38.48156922372878,93.65762215358622,142.6,25.779173182399287,51.97875825503794,18.643403675984764,74.93982733295485,7.180151794562306,97.81553042096526,5.707207207207207,0.1081081081081081
City_A,2023-12-04,57.55853620948179,108.13892728220328,208.5,26.97645617391407,57.989034301280846,5.330792763538193,76.56316365950882,7.07131077065786,97.8961564546754,5.923423423423423,0.1261261261261261
City_A,2023-12-05,59.116350134941854,96.2071845386605,99.0,26.50526006085435,62.13656543561906,28.18299299384025,74.476791375912,7.008841235934256,98.10979251838812,5.54054054054054,0.1081081081081081
City_A,2023-12-06,59.22658268318349,69.24728001955295,113.33333333333331,28.245972227872496,65.81331278135173,8.17524140575063,74.8172376220633,7.067706174068189,97.98581500151964,5.045045045045045,0.1531531531531531
City_A,2023-12-07,43.621449763207536,71.23222225667094,96.28571428571428,22.78433000195018,60.4550936661267,15.26564306746529,73.60167130186602,6.939725909247051,97.974618362894,5.121621621621622,0.1801801801801801
City_A,2023-12-08,62.51521213564852,71.41508775533492,201.0,28.09078055721277,52.87907762500979,12.799026660642086,74.75678465512917,6.903429233723588,97.94738643905814,5.378378378378378,0.1711711711711711
City_A,2023-12-09,43.32454108921692,85.84850097399668,37.5,23.2449665031416,68.88421974270769,7.936283206677219,74.75446438767415,6.974274873781451,97.8024007042566,5.5,0.1171171171171171
City_A,2023-12-10,62.60546756810388,79.93540012940475,180.0,27.9777749512736,65.35135620148513,14.580326473676369,74.95216930973866,6.8931652388247535,98.23653694238055,5.481981981981982,0.1126126126126126
City_A,2023-12-11,61.20395158309651,92.55655029644517,133.0,25.72410163412227,46.83496649358834,7.532286674047582,75.40009924180016,7.089775889685655,97.91926040073454,5.5,0.1576576576576576
City_A,2023-12-12,55.21765027247505,86.09106589631095,153.5,27.38472614657145,53.44566131804925,8.36510439988732,74.74711505255074,7.034669533210918,98.03299741597004,5.608108108108108,0.0765765765765765
City_A,2023-12-13,48.62173298210666,80.66328179365178,129.42857142857142,23.93231982087589,60.567927721424304,1.5704967745934335,74.92401762749796,7.138206726357414,97.82085581331545,5.621621621621622,0.1801801801801801
City_A,2023-12-14,52.27542637637252,63.69951780871835,125.5,31.250116534714497,49.5398458627984,22.298917038865287,75.37565720020167,7.046361301259004,97.88948287361067,5.378378378378378,0.1351351351351351
City_A,2023-12-15,60.311457862219584,74.87922267350008,128.14285714285714,30.10184926491995,70.88193967834121,8.656709500758598,75.35286374617331,6.91350057954671,97.8452541087456,5.472972972972973,0.1396396396396396
City_A,2023-12-16,55.754690776857714,75.94033627512863,119.4,25.305278752408757,49.15868513625582,5.331688010858871,74.48746951955327,6.923820276089792,97.82695872182032,5.243243243243243,0.1306306306306306
City_A,2023-12-17,43.19029152138735,91.13663894200629,134.2,23.79316995778792,62.50015916428964,4.774686803808545,74.27561088698513,7.177445022502244,98.01517013724806,5.581081081081081,0.1846846846846846
City_A,2023-12-18,46.27435000574919,106.27564599098454,162.5,28.97834516649799,56.50877185109664,5.555237904677635,75.0596653020488,7.101423997369307,97.93915742131183,5.436936936936937,0.1531531531531531
City_A,2023-12-19,55.235229327906985,75.63590763169135,153.0,23.14937058600469,69.06328073774853,12.42875875478512,74.92355400707055,7.031335832392343,97.98637251604508,5.7657657657657655,0.09009009009009
City_A,2023-12-20,48.03786807251066,75.79949291085333,162.57142857142858,30.06895980656771,60.592148517562165,3.764648230176567,75.04195003152164,7.010620945078448,97.87697144694232,5.518018018018018,0.1351351351351351
City_A,2023-12-21,44.149279675517896,87.89902973777136,220.16666666666663,29.034638797673427,38.44472050274453,8.025570408347868,74.94094049727772,7.016183399310911,97.79859712034418,5.364864864864865,0.1531531531531531
City_A,2023-12-22,41.85459600215427,80.57271414638284,175.0,28.28065017444673,53.07427081065097,3.858728494957714,74.6673743204789,6.958428000792584,97.87515603121746,5.707207207207207,0.1081081081081081
City_A,2023-12-23,28.934900421009925,89.88663287776626,181.5,28.787729268854,31.863255577034217,1.1015220789910998,74.14226741816019,7.169035331564127,97.83139767811528,5.3108108108108105,0.0990990990990991
City_A,2023-12-24,44.515806935850776,90.4584374825684,180.6,25.55304341639697,61.91550342329129,16.442662570251514,74.41914683729183,7.096761687875507,97.99277585385808,5.54054054054054,0.1396396396396396
City_A,2023-12-25,63.89228003321568,76.65970348055006,206.25,22.370042905947415,67.06642082049676,12.581964730015056,75.36698639917427,6.956975732142529,97.93973636227732,5.36936936936937,0.1396396396396396
City_A,2023-12-26,36.89980599853704,67.46935508647806,121.25,17.533950692922506,38.9119931068314,4.580330601409383,76.20543619818231,7.152180709212026,97.96749628007854,5.261261261261262,0.1126126126126126
City_A,2023-12-27,83.59258705826142,55.84646973425558,271.0,24.855214458743507,62.66006256275575,16.52998921571231,74.11495249959266,7.031576798272985,97.90503639898868,5.585585585585585,0.1306306306306306
City_A,2023-12-28,53.06275895279155,85.28234202505199,162.0,25.62792162891479,50.60952215580322,8.079697322483694,75.05165079563774,6.800765369364387,97.81699929494916,5.54054054054054,0.1396396396396396
City_A,2023-12-29,46.633615759673,88.17452194547616,133.66666666666666,22.65149605516081,62.541219867524006,2.731616036680576,74.38365960515436,7.146294025358509,97.85236035837876,5.468468468468468,0.1081081081081081
City_A,2023-12-30,58.09601471305691,92.47830988484066,130.0,32.65613843819329,54.61838090575244,10.537413626978577,74.6461233820541,6.900494030234702,97.86747643578512,5.423423423423423,0.1531531531531531
City_A,2023-12-31,47.62676203024493,77.4998094049087,144.42857142857142,30.322849662142527,41.42073689121406,0.9680934003812814,74.30994449710005,7.039701645690054,97.97122441131968,5.585585585585585,0.1216216216216216
